0,0,0,0,0
Time [s],Voltage [V],Current [A],Power [W],Cycle
0.0,0.011021615006029606,0.0,0.0,0
3.400000059627928e-05,0.008985362946987152,1.5842637139940052e-06,1.4235184473977986e-08,0
0.00010200000178883784,-0.18491481244564056,-0.00019333389354869723,3.575030066494279e-05,0
0.00013600000238511711,-0.43465548753738403,-0.00030727783450856805,0.00013355999696775325,0
0.0001700000029813964,-0.48844051361083984,-0.00032818916952237487,0.00016030088652302377,0
0.00020400000357767567,-0.5040279030799866,-0.00033276830799877644,0.0001677245124920984,0
0.00023800000417395495,-0.5117359161376953,-0.0003339130780659616,0.00017087531491444263,0
0.00027200000477023423,-0.5175597667694092,-0.00033429465838707983,0.00017301746542707636,0
0.0003060000053665135,-0.5233836770057678,-0.00033444733708165586,0.00017504427704658453,0
0.0003400000059627928,-0.5286936163902283,-0.0003345236473251134,0.00017686051687236352,0
0.00037400000655907206,-0.5343462228775024,-0.0003345236473251134,0.00017875144741138008,0
0.00040800000715535134,-0.5394849181175232,-0.0003348289174027741,0.00018063515108841452,0
0.0004420000077516306,-0.5447948575019836,-0.0003348289174027741,0.00018241307234398776,0
0.0004760000083479099,-0.5504474639892578,-0.00033490522764623165,0.0001843477332346133,0
0.0005100000089441892,-0.5554148554801941,-0.0003349815378896892,0.0001860537224555349,0
0.0005440000095404685,-0.5603822469711304,-0.00033505784813314676,0.00018776046980216454,0
0.0005780000101367477,-0.5658635497093201,-0.00033505784813314676,0.0001895970233025887,0
0.000612000010733027,-0.5708309412002563,-0.0003349815378896892,0.00019121782655828062,0
0.0006460000113293063,-0.576312243938446,-0.0003349815378896892,0.00019305396177915837,0
0.0006800000119255856,-0.5809370875358582,-0.00033521049772389233,0.00019473621025916342,0
0.0007140000125218648,-0.5864183306694031,-0.00033521049772389233,0.00019657358049810468,0
0.0007480000131181441,-0.5912144780158997,-0.0003352868079673499,0.00019822641515803395,0
0.0007820000137144234,-0.5965244174003601,-0.00033536311821080744,0.00020005228870827,0
0.0008160000143107027,-0.6011492609977722,-0.00033551579690538347,0.0002016950733627499,0
0.000850000014906982,-0.606287956237793,-0.0003352868079673499,0.00020328035355601792,0
0.0008840000155032612,-0.6110841035842896,-0.00033551579690538347,0.0002050283699902948,0
0.0009180000160995405,-0.6165653467178345,-0.000335592107148841,0.00020691446389999382,0
0.0009520000166958198,-0.6211901903152466,-0.0003356684173922986,0.00020851392808273958,0
0.000986000017292099,-0.6261575818061829,-0.00033574472763575613,0.00021022910676058056,0
0.0010200000178883784,-0.6309537291526794,-0.0003358210378792137,0.0002118875361778131,0
0.0010540000184846576,-0.6357498168945312,-0.0003358973772265017,0.00021354669606710175,0
0.001088000019080937,-0.6403746604919434,-0.0003358210378792137,0.00021505128311795352,0
0.0011220000196772162,-0.6453420519828796,-0.0003360499977134168,0.00021686719509321842,0
0.0011560000202734955,-0.6501381993293762,-0.0003360499977134168,0.0002184789403980418,0
0.0011900000208697747,-0.6554481983184814,-0.00033612630795687437,0.00022031338295777636,0
0.001224000021466054,-0.6602442860603333,-0.00033627895754761994,0.00022202626024314144,0
0.0012580000220623333,-0.6650404334068298,-0.00033627895754761994,0.0002236391036730661,0
0.0012920000226586126,-0.6694939136505127,-0.00033627895754761994,0.0002251367153668707,0
0.0013260000232548919,-0.6744613647460938,-0.00033650791738182306,0.00022696158920521015,0
0.0013600000238511711,-0.6787436008453369,-0.00033666056697256863,0.00022850620548959394,0
0.0013940000244474504,-0.6835396885871887,-0.0003367368772160262,0.00023017302018806494,0
0.0014280000250437297,-0.6881645321846008,-0.00033681318745948374,0.0002317828895816599,0
0.001462000025640009,-0.6929606795310974,-0.00033666056697256863,0.0002332925352606357,0
0.0014960000262362882,-0.6979280710220337,-0.0003371184575371444,0.00023528443477482258,0
0.0015300000268325675,-0.7025529146194458,-0.00033704214729368687,0.00023678994293077626,0
0.0015640000274288468,-0.706835150718689,-0.0003369658370502293,0.00023817929821844802,0
0.001598000028025126,-0.7116312384605408,-0.0003371184575371444,0.0002399040254450653,0
0.0016320000286214054,-0.7164273858070374,-0.00033742375671863556,0.00024173961993512183,0
0.0016660000292176846,-0.720880925655365,-0.00033742375671863556,0.00024324235008144068,0
0.001700000029813964,-0.7255057692527771,-0.00033757637720555067,0.0002449136092260787,0
0.0017340000304102432,-0.7303018569946289,-0.00033757637720555067,0.00024653265515073297,0
0.0017680000310065225,-0.7347553968429565,-0.00033757637720555067,0.00024803606499847197,0
0.0018020000316028018,-0.7388663291931152,-0.00033788164728321135,0.0002496493724298693,0
0.001836000032199081,-0.7438337802886963,-0.00033795798663049936,0.000251384566774121,0
0.0018700000327953603,-0.747944712638855,-0.0003380342968739569,0.0002528309650374691,0
0.0019040000333916396,-0.7523982524871826,-0.0003381106071174145,0.000254393829942523,0
0.0019380000339879189,-0.7570230960845947,-0.00033849221654236317,0.00025624642576743684,0
0.001972000034584198,-0.760962724685669,-0.0003383395669516176,0.00025746379873647224,0
0.0020060000351804774,-0.76593017578125,-0.00033849221654236317,0.00025926140291687716,0
0.0020400000357767567,-0.7702124118804932,-0.0003383395669516176,0.000260593333896407,0
0.002074000036373036,-0.7746659517288208,-0.0003386448370292783,0.0002623366249753373,0
0.0021080000369693153,-0.7791194915771484,-0.0003386448370292783,0.0002638447932514776,0
0.0021420000375655945,-0.7834017276763916,-0.00033902644645422697,0.0002655939038802291,0
0.002176000038161874,-0.7876839637756348,-0.00033895010710693896,0.00026698556388816963,0
0.002210000038758153,-0.7921375036239624,-0.00033925537718459964,0.00026873690757401453,0
0.0022440000393544324,-0.79659104347229,-0.0003391790669411421,0.0002701870068586021,0
0.0022780000399507117,-0.8012158870697021,-0.0003393316874280572,0.00027187793895352974,0
0.002312000040546991,-0.8051555752754211,-0.0003394843661226332,0.00027333773010248044,0
0.00234600004114327,-0.8096091151237488,-0.00033963698660954833,0.00027497320019225294,0
0.0023800000417395495,-0.8133774399757385,-0.0003397896362002939,0.0002763772244228826,0
0.0024140000423358288,-0.8176597356796265,-0.0003395606763660908,0.00027764509288469297,0
0.002448000042932108,-0.8222845196723938,-0.000339942256687209,0.00027952925525639126,0
0.0024820000435283873,-0.8262242078781128,-0.0003400949062779546,0.00028099464454288403,0
0.0025160000441246666,-0.8301638960838318,-0.00034047651570290327,0.0002826513108009701,0
0.002550000044720946,-0.8346174359321594,-0.0003406291361898184,0.00028429501625053255,0
0.002584000045317225,-0.8388996720314026,-0.0003405528259463608,0.0002856896539957694,0
0.0026180000459135044,-0.8431819081306458,-0.00034078178578056395,0.0002873410363906249,0
0.0026520000465097837,-0.8472928404808044,-0.00034070544643327594,0.00028867728547573093,0
0.002686000047106063,-0.8514038324356079,-0.0003411633661016822,0.0002904677973856046,0
0.0027200000477023423,-0.8555147647857666,-0.00034123967634513974,0.00029193558144398335,0
0.0027540000482986216,-0.8596257567405701,-0.0003413923259358853,0.00029346963652805876,0
0.002788000048894901,-0.8637366890907288,-0.0003415449755266309,0.00029500492633694614,0
0.00282200004949118,-0.8680189251899719,-0.000341697596013546,0.0002965999800316754,0
0.0028560000500874594,-0.8719586133956909,-0.00034162128577008843,0.0002978796226465394,0
0.0028900000506837387,-0.8760695457458496,-0.0003421554865781218,0.0002997520017009453,0
0.002924000051280018,-0.8798379302024841,-0.00034200286609120667,0.0003009070938250046,0
0.0029580000518762972,-0.8842914700508118,-0.0003420791763346642,0.0003024976977147511,0
0.0029920000524725765,-0.8878885507583618,-0.0003422318259254098,0.00030386371994430006,0
0.0030260000530688558,-0.8921708464622498,-0.00034238447551615536,0.00030546544733678176,0
0.003060000053665135,-0.8962817788124084,-0.00034253712510690093,0.00030700978380010166,0
0.0030940000542614143,-0.9003927111625671,-0.0003427660558372736,0.00030862405830982265,0
0.0031280000548576936,-0.9041610956192017,-0.0003427660558372736,0.00030991573258690175,0
0.003162000055453973,-0.9081007838249207,-0.0003430713259149343,0.00031154333997120663,0
0.003196000056050252,-0.9115265607833862,-0.0003433766250964254,0.00031299691412755085,0
0.0032300000566465314,-0.9159801006317139,-0.0003433766250964254,0.00031452615561040204,0
0.0032640000572428107,-0.9194059371948242,-0.0003436818951740861,0.00031598317492942396,0
0.00329800005783909,-0.9236881732940674,-0.0003436818951740861,0.00031745490194759474,0
0.0033320000584353693,-0.9279704093933105,-0.00034391082590445876,0.00031913906990935215,0
0.0033660000590316486,-0.9315674901008606,-0.000344292406225577,0.0003207316127283467,0
0.003400000059627928,-0.9353358745574951,-0.00034421609598211944,0.00032195766317220237,0
0.003434000060224207,-0.9391042590141296,-0.00034459770540706813,0.00032361317279427405,0
0.0034680000608204864,-0.9432151913642883,-0.00034459770540706813,0.0003250297906492224,0
0.0035020000614167657,-0.9468123316764832,-0.0003449029754847288,0.000326558390420853,0
0.003536000062013045,-0.9507519602775574,-0.0003450556250754744,0.00032806231194530515,0
0.0035700000626093242,-0.9545203447341919,-0.0003450556250754744,0.0003293626141995139,0
0.0036040000632056035,-0.9582887291908264,-0.0003452082455623895,0.00033080917094617697,0
0.003638000063801883,-0.9622284173965454,-0.0003454372345004231,0.00033238952346318143,0
0.003672000064398162,-0.9659968018531799,-0.0003455898549873382,0.0003338386946706729,0
0.0037060000649944413,-0.96959388256073,-0.0003458188148215413,0.00033530380732536835,0
0.0037400000655907206,-0.9735335111618042,-0.00034589512506499887,0.00033674049559827973,0
0.003774000066187,-0.9771305918693542,-0.0003459714353084564,0.000338059273352842,0
0.003808000066783279,-0.9810702800750732,-0.0003463530447334051,0.0003397966786014561,0
0.0038420000673795585,-0.9846673607826233,-0.0003465056943241507,0.00034119284752631186,0
0.0038760000679758377,-0.9882644414901733,-0.0003466583148110658,0.0003425900858746826,0
0.003910000068572117,-0.9922041296958923,-0.0003468872746452689,0.000344182986441989,0
0.003944000069168396,-0.9959725141525269,-0.0003471162053756416,0.0003457181997710626,0
0.003978000069764676,-0.9999122023582458,-0.0003471162053756416,0.00034708572939139495,0
0.004012000070360955,-1.0029953718185425,-0.00034734519431367517,0.0003483856223200285,0
0.004046000070957234,-1.0067636966705322,-0.0003475741541478783,0.00034992504029705135,0
0.004080000071553513,-1.0101895332336426,-0.0003479557344689965,0.0003515012409892049,0
0.004114000072149793,-1.0137866735458374,-0.00034810835495591164,0.0003529076112042673,0
0.004148000072746072,-1.0173836946487427,-0.00034818469430319965,0.0003542374307103323,0
0.004182000073342351,-1.021152138710022,-0.00034826103365048766,0.0003556274993415584,0
0.0042160000739386305,-1.0247491598129272,-0.00034848996438086033,0.00035711479820252356,0
0.00425000007453491,-1.0285176038742065,-0.00034871892421506345,0.0003586635523592681,0
0.004284000075131189,-1.0319433212280273,-0.00034887154470197856,0.00036001566052171197,0
0.004318000075727468,-1.0353691577911377,-0.0003491005045361817,0.0003614478953660877,0
0.004352000076323748,-1.0391374826431274,-0.0003492531832307577,0.0003629220736275085,0
0.004386000076920027,-1.0423920154571533,-0.0003494821139611304,0.00036429736513816924,0
0.004420000077516306,-1.046331763267517,-0.0003494821139611304,0.0003656742365314089,0
0.0044540000781125855,-1.0499287843704224,-0.0003498636942822486,0.0003673319632331064,0
0.004488000078708865,-1.0530120134353638,-0.00035009265411645174,0.00036865177060009524,0
0.004522000079305144,-1.056780457496643,-0.00035009265411645174,0.0003699710751833979,0
0.004556000079901423,-1.0605487823486328,-0.0003503216430544853,0.0003715331919718068,0
0.004590000080497703,-1.0636320114135742,-0.0003507795336190611,0.00037310034090595745,0
0.004624000081093982,-1.067400336265564,-0.0003507795336190611,0.00037442219214006353,0
0.004658000081690261,-1.0706548690795898,-0.00035100849345326424,0.0003758089526040287,0
0.00469200008228654,-1.0739094018936157,-0.0003510848036967218,0.000377033271551884,0
0.00472600008288282,-1.077506422996521,-0.00035139010287821293,0.00037862509282868273,0
0.004760000083479099,-1.0807609558105469,-0.0003516190336085856,0.0003800161228439958,0
0.004794000084075378,-1.0843580961227417,-0.00035169534385204315,0.0003813636934746345,0
0.0048280000846716575,-1.087783932685852,-0.0003519243036862463,0.0003828176030715551,0
0.004862000085267937,-1.0912096500396729,-0.0003521532635204494,0.0003842730394464783,0
0.004896000085864216,-1.0942928791046143,-0.0003523822233546525,0.00038560935774004795,0
0.004930000086460495,-1.0980613231658936,-0.0003525348729453981,0.000387104909048544,0
0.004964000087056775,-1.1011444330215454,-0.0003526874934323132,0.00038835986998931454,0
0.004998000087653054,-1.1050841808319092,-0.00035291645326651633,0.00039000238966013095,0
0.005032000088249333,-1.1078248023986816,-0.00035306907375343144,0.00039113867686398074,0
0.0050660000888456125,-1.1110793352127075,-0.000353298062691465,0.0003925421766271704,0
0.005100000089441892,-1.114162564277649,-0.0003536033327691257,0.0003939715959751719,0
0.005134000090038171,-1.1181021928787231,-0.0003537559532560408,0.0003955353070794823,0
0.00516800009063445,-1.1215280294418335,-0.0003538322926033288,0.0003968328338762976,0
0.00520200009123073,-1.124611258506775,-0.00035398491309024394,0.00039809541860283057,0
0.005236000091827009,-1.1278656721115112,-0.0003544428327586502,0.00039976390379444296,0
0.005270000092423288,-1.131462812423706,-0.00035451914300210774,0.00040112522659920685,0
0.005304000093019567,-1.1348886489868164,-0.0003548244130797684,0.00040268619878763845,0
0.005338000093615847,-1.1376292705535889,-0.00035505337291397154,0.0004039191096357128,0
0.005372000094212126,-1.1408838033676147,-0.0003552060225047171,0.0004052487979342642,0
0.005406000094808405,-1.14448082447052,-0.0003552060225047171,0.00040652648149309273,0
0.0054400000954046845,-1.147392749786377,-0.0003555876319296658,0.00040799867078980534,0
0.005474000096000964,-1.1506472826004028,-0.00035581656266003847,0.00040941936092898923,0
0.005508000096597243,-1.1539018154144287,-0.00035596921225078404,0.0004107535202478238,0
0.005542000097193522,-1.1569850444793701,-0.0003560455224942416,0.0004119393446796807,0
0.005576000097789802,-1.1602394580841064,-0.0003562744823284447,0.00041336371230595026,0
0.005610000098386081,-1.1636652946472168,-0.0003564271319191903,0.000414761883485007,0
0.00564400009898236,-1.1667485237121582,-0.0003568087122403085,0.00041630603825401624,0
0.0056780000995786395,-1.1701743602752686,-0.00035696133272722363,0.0004177069991670862,0
0.005712000100174919,-1.172914981842041,-0.00035726663190871477,0.00041904338507797734,0
0.005746000100771198,-1.176169514656067,-0.00035741928149946034,0.0004203856628499404,0
0.005780000101367477,-1.1794239282608032,-0.00035757190198637545,0.00042172885727645784,0
0.005814000101963757,-1.1825071573257446,-0.00035787717206403613,0.00042319231740921975,0
0.005848000102560036,-1.1857616901397705,-0.0003579534823074937,0.00042444752617235015,0
0.005882000103156315,-1.1886736154556274,-0.00035818247124552727,0.0004257620530882522,0
0.0059160001037525944,-1.1919281482696533,-0.00035848774132318795,0.0004272916296927179,0
0.005950000104348874,-1.1946687698364258,-0.00035848774132318795,0.00042827410892801177,0
0.005984000104945153,-1.1979233026504517,-0.0003590219421312213,0.00043008075064181195,0
0.006018000105541432,-1.201006531715393,-0.0003590219421312213,0.00043118769752874264,0
0.0060520001061377116,-1.2037471532821655,-0.00035932724131271243,0.00043253914382691133,0
0.006086000106733991,-1.2076867818832397,-0.00035940355155617,0.000434046918576278,0
0.00612000010733027,-1.2100849151611328,-0.000359479890903458,0.00043500119328604425,0
0.006154000107926549,-1.2135106325149536,-0.00035970882163383067,0.0004365104796620785,0
0.006188000108522829,-1.216251254081726,-0.00036001409171149135,0.0004378675905311949,0
0.006222000109119108,-1.219163179397583,-0.0003603193908929825,0.00043928813419968904,0
0.006256000109715387,-1.2222464084625244,-0.00036062466097064316,0.0004407721966743841,0
0.0062900001103116665,-1.2253296375274658,-0.00036085359170101583,0.0004421646007194899,0
0.006324000110907946,-1.2285841703414917,-0.00036085359170101583,0.00044333901057473993,0
0.006358000111504225,-1.2313247919082642,-0.0003610062412917614,0.0004445159349361627,0
0.006392000112100504,-1.2340654134750366,-0.00036146416096016765,0.0004460704192517165,0
0.006426000112696784,-1.237491250038147,-0.0003615404712036252,0.00044740316964915483,0
0.006460000113293063,-1.2402318716049194,-0.00036169312079437077,0.00044858333614942666,0
0.006494000113889342,-1.2433151006698608,-0.00036199839087203145,0.0004500780657893874,0
0.0065280001144856215,-1.2467409372329712,-0.0003622273507062346,0.00045160366671090704,0
0.006562000115081901,-1.2493102550506592,-0.00036238000029698014,0.0004527250505962782,0
0.00659600011567818,-1.2523934841156006,-0.00036253262078389525,0.00045403349204910237,0
0.006630000116274459,-1.2549628019332886,-0.0003626089310273528,0.00045506072008812126,0
0.0066640001168707386,-1.2582173347473145,-0.00036299051134847105,0.00045672095372743804,0
0.006698000117467018,-1.2607866525650024,-0.0003633721498772502,0.00045813475647908664,0
0.006732000118063297,-1.2638698816299438,-0.0003633721498772502,0.0004592551160529784,0
0.006766000118659576,-1.2666105031967163,-0.0003636773908510804,0.00046063760302715584,0
0.006800000119255856,-1.2695224285125732,-0.000363830040441826,0.00046189039650753466,0
0.006834000119852135,-1.2727769613265991,-0.00036428796011023223,0.00046365732291696674,0
0.006868000120448414,-1.275346279144287,-0.00036428796011023223,0.00046459329446364717,0
0.0069020001210446935,-1.278258204460144,-0.0003643642703536898,0.000465751617991738,0
0.006936000121640973,-1.280998945236206,-0.00036466954043135047,0.00046714129665233195,0
0.006970000122237252,-1.284082055091858,-0.00036466954043135047,0.0004682656129064919,0
0.007004000122833531,-1.2866514921188354,-0.0003651274892035872,0.0004697918287973994,0
0.007038000123429811,-1.2900772094726562,-0.0003654327301774174,0.0004714364367972568,0
0.00707200012402609,-1.2924753427505493,-0.0003654327301774174,0.00047231279318832656,0
0.007106000124622369,-1.2950446605682373,-0.00036589064984582365,0.00047384473243467645,0
0.0071400001252186485,-1.2981278896331787,-0.0003659669600892812,0.00047507191757616835,0
0.007174000125814928,-1.3010398149490356,-0.0003661959490273148,0.0004764355097575841,0
0.007208000126411207,-1.3036091327667236,-0.0003663485695142299,0.000477575340994775,0
0.007242000127007486,-1.3065210580825806,-0.000366577529348433,0.00047894126151361294,0
0.007276000127603766,-1.309090495109558,-0.00036695910966955125,0.0004803826825622755,0
0.007310000128200045,-1.31217360496521,-0.0003671117592602968,0.000481714360573704,0
0.007344000128796324,-1.314914345741272,-0.0003671880695037544,0.0004828208601755299,0
0.007378000129392603,-1.3176549673080444,-0.00036734071909449995,0.00048402832320937686,0
0.007412000129988883,-1.320395588874817,-0.0003674170293379575,0.00048513582481532827,0
0.007446000130585162,-1.3233075141906738,-0.0003679512592498213,0.0004869126662212092,0
0.007480000131181441,-1.3257055282592773,-0.00036802756949327886,0.00048789618342906516,0
0.0075140001317777205,-1.3284461498260498,-0.000368256529327482,0.0004892089685333972,0
0.007548000132374,-1.3317006826400757,-0.00036840917891822755,0.0004906107550562734,0
0.007582000132970279,-1.3339275121688843,-0.0003687907592393458,0.0004919401399830145,0
0.007616000133566558,-1.3366681337356567,-0.0003690960584208369,0.000493358939578567,0
0.007650000134162838,-1.3399226665496826,-0.00036924867890775204,0.0004947646744620227,0
0.007684000134759117,-1.3419780731201172,-0.00036947763874195516,0.0004958308896998997,0
0.007718000135355396,-1.3450613021850586,-0.00036963025922887027,0.000497175357805385,0
0.0077520001359516755,-1.3476306200027466,-0.0003700118395499885,0.0004986392847411078,0
0.007786000136547955,-1.3502000570297241,-0.0003700118395499885,0.0004995900068620676,0
0.007820000137144234,-1.352769374847412,-0.0003702408284880221,0.0005008504540967296,0
0.007854000137740513,-1.3555099964141846,-0.00037054609856568277,0.0005022789407380587,0
0.007888000138336793,-1.3580793142318726,-0.0003707750583998859,0.0005035419370459995,0
0.007922000138933072,-1.3603061437606812,-0.0003707750583998859,0.0005043675898945901,0
0.007956000139529351,-1.363218069076538,-0.00037100398913025856,0.000505759341681844,0
0.00799000014012563,-1.365787386894226,-0.0003711566678248346,0.0005069210954768491,0
0.00802400014072191,-1.368699312210083,-0.0003716145583894104,0.0005086285904748397,0
0.008058000141318189,-1.371268630027771,-0.00037169086863286793,0.000509688028224025,0
0.008092000141914468,-1.373666763305664,-0.0003722251276485622,0.0005113132863180381,0
0.008126000142510748,-1.3764073848724365,-0.0003721487883012742,0.0005122283404892028,0
0.008160000143107027,-1.3789767026901245,-0.00037245405837893486,0.0005136054693269387,0
0.008194000143703306,-1.3815460205078125,-0.00037260670796968043,0.0005147733146100286,0
0.008228000144299585,-1.384629249572754,-0.0003729883173946291,0.0005164505340135295,0
0.008262000144895865,-1.387027382850647,-0.00037314093788154423,0.0005175566985042741,0
0.008296000145492144,-1.389596700668335,-0.0003732935874722898,0.0005187275375321404,0
0.008330000146088423,-1.3923373222351074,-0.00037336989771574736,0.0005198568435887396,0
0.008364000146684702,-1.394564151763916,-0.0003737514780368656,0.0005212204129389914,0
0.008398000147280982,-1.3969621658325195,-0.00037382778828032315,0.0005222232767644608,0
0.008432000147877261,-1.399702787399292,-0.00037428573705255985,0.0005238887894362665,0
0.00846600014847354,-1.4021008014678955,-0.0003743620472960174,0.0005248933265529082,0
0.00850000014906982,-1.4044989347457886,-0.00037443835753947496,0.0005258982742921553,0
0.008534000149666099,-1.407239556312561,-0.00037474362761713564,0.0005273540562588976,0
0.008568000150262378,-1.4099801778793335,-0.00037489624810405076,0.0005285962785880442,0
0.008602000150858657,-1.4123783111572266,-0.0003752015472855419,0.0005299265276987319,0
0.008636000151454937,-1.41477632522583,-0.00037558312760666013,0.0005313661170921746,0
0.008670000152051216,-1.417345643043518,-0.000375430507119745,0.0005321147935317891,0
0.008704000152647495,-1.4195724725723267,-0.00037581208744086325,0.0005334924941909937,0
0.008738000153243775,-1.4217991828918457,-0.0003759647370316088,0.0005345463559076891,0
0.008772000153840054,-1.4253963232040405,-0.00037619369686581194,0.0005362251123250637,0
0.008806000154436333,-1.4272804260253906,-0.0003764989669434726,0.0005373696059371991,0
0.008840000155032612,-1.4300211668014526,-0.00037665158743038774,0.0005386197425348224,0
0.008874000155628892,-1.4324191808700562,-0.00037688054726459086,0.0005398509247986037,0
0.008908000156225171,-1.4346458911895752,-0.00037710953620262444,0.0005410186466415015,0
0.00894200015682145,-1.4368727207183838,-0.00037726215668953955,0.0005420777015065839,0
0.00897600015741773,-1.4392707347869873,-0.0003776437370106578,0.0005435315788550332,0
0.009010000158014009,-1.4418401718139648,-0.0003777963574975729,0.0005447219650049906,0
0.009044000158610288,-1.4440668821334839,-0.0003777963574975729,0.0005455632080529071,0
0.009078000159206567,-1.4466361999511719,-0.0003782543062698096,0.0005471963722373241,0
0.009112000159802847,-1.449034333229065,-0.00037848323700018227,0.0005484352049649373,0
0.009146000160399126,-1.4519462585449219,-0.00037848323700018227,0.0005495373198843856,0
0.009180000160995405,-1.4540016651153564,-0.00037878850707784295,0.0005507591200177436,0
0.009214000161591684,-1.4563997983932495,-0.00037901749601587653,0.0005520010047850368,0
0.009248000162187964,-1.458797812461853,-0.0003793227660935372,0.0005533552213942312,0
0.009282000162784243,-1.461367130279541,-0.0003794753865804523,0.0005545528566987951,0
0.009316000163380522,-1.4634226560592651,-0.0003795516968239099,0.0005554445522778471,0
0.009350000163976802,-1.4659919738769531,-0.000379780656658113,0.0005567553944945125,0
0.00938400016457308,-1.4682188034057617,-0.00038008595583960414,0.0005580493472741588,0
0.00941800016516936,-1.4704455137252808,-0.00038023857632651925,0.000559120108704618,0
0.00945200016576564,-1.4728436470031738,-0.00038054384640417993,0.000560481586582548,0
0.009486000166361919,-1.4752416610717773,-0.00038077280623838305,0.0005617319071660742,0
0.009520000166958198,-1.4774683713912964,-0.0003809254558291286,0.0005628053128453499,0
0.009554000167554477,-1.4798665046691895,-0.0003810781054198742,0.0005639447238736661,0
0.009588000168150757,-1.4824358224868774,-0.00038138337549753487,0.0005653763779385097,0
0.009622000168747036,-1.4844913482666016,-0.00038161230622790754,0.0005665001669873937,0
0.009656000169343315,-1.487231969833374,-0.0003817649558186531,0.0005677730472555265,0
0.009690000169939594,-1.489458680152893,-0.00038199391565285623,0.0005689641534347388,0
0.009724000170535874,-1.4916855096817017,-0.00038207025500014424,0.0005699286630641079,0
0.009758000171132153,-1.4939122200012207,-0.0003824518353212625,0.0005713494703483285,0
0.009792000171728432,-1.4963103532791138,-0.0003826044558081776,0.0005724950084364973,0
0.009826000172324711,-1.4983657598495483,-0.0003829097549896687,0.0005737388659888994,0
0.00986000017292099,-1.5012776851654053,-0.00038306237547658384,0.0005750829963294471,0
0.00989400017351727,-1.503161907196045,-0.00038329133531078696,0.0005761489345974813,0
0.00992800017411355,-1.5050461292266846,-0.0003835202951449901,0.000577215735687843,0
0.009962000174709829,-1.5076154470443726,-0.0003839019045699388,0.0005787764414793943,0
0.009996000175306108,-1.5098421573638916,-0.00038397821481339633,0.0005797464962345941,0
0.010030000175902387,-1.5122402906417847,-0.00038420717464759946,0.0005810135694557447,0
0.010064000176498666,-1.5141245126724243,-0.0003840545250568539,0.0005815063705913483,0
0.010098000177094946,-1.5166938304901123,-0.0003845124156214297,0.0005831876085198723,0
0.010132000177691225,-1.5187492370605469,-0.0003847413754556328,0.0005843256704388677,0
0.010166000178287504,-1.5213186740875244,-0.0003845887549687177,0.0005850820547779814,0
0.010200000178883784,-1.5230315923690796,-0.00038504667463712394,0.0005864382500089978,0
0.010234000179480063,-1.5252583026885986,-0.0003854282549582422,0.0005878776459658369,0
0.010268000180076342,-1.5276563167572021,-0.0003856572147924453,0.0005891516802806682,0
0.010302000180672621,-1.5298831462860107,-0.00038573352503590286,0.0005901272189099208,0
0.0103360001812689,-1.5322811603546143,-0.0003858861746266484,0.0005912861154217242,0
0.01037000018186518,-1.534165382385254,-0.00038611513446085155,0.000592364472904866,0
0.01040400018246146,-1.5365633964538574,-0.0003863440942950547,0.0005936421937298986,0
0.010438000183057738,-1.5386189222335815,-0.00038664936437271535,0.0005949060282934467,0
0.010472000183654018,-1.5408456325531006,-0.0003867256746161729,0.0005958845667284815,0
0.010506000184250297,-1.5430724620819092,-0.0003871072840411216,0.0005973345898751745,0
0.010540000184846576,-1.5456417798995972,-0.00038718359428457916,0.0005984471398179404,0
0.010574000185442856,-1.5480399131774902,-0.00038748886436223984,0.000599848227944566,0
0.010608000186039135,-1.549581527709961,-0.00038764148484915495,0.0006006820842963112,0
0.010642000186635414,-1.55180823802948,-0.00038771782419644296,0.0006016637136189058,0
0.010676000187231693,-1.5540350675582886,-0.0003881757438648492,0.0006032387183414999,0
0.010710000187827973,-1.5557478666305542,-0.00038809943362139165,0.0006037848658970064,0
0.010744000188424252,-1.5583173036575317,-0.00038855732418596745,0.0006054956017418622,0
0.010778000189020531,-1.5605440139770508,-0.0003884810139425099,0.000606241720851719,0
0.01081200018961681,-1.562599539756775,-0.0003888626233674586,0.0006076365563026029,0
0.01084600019021309,-1.5649975538253784,-0.0003890152438543737,0.0006088079050328779,0
0.010880000190809369,-1.5667104721069336,-0.0003892442036885768,0.0006098329701258176,0
0.010914000191405648,-1.5687659978866577,-0.0003893205139320344,0.0006107527845363343,0
0.010948000192001928,-1.5709927082061768,-0.00038962578400969505,0.0006120992656083457,0
0.010982000192598207,-1.5733907222747803,-0.0003897020942531526,0.0006131536595489623,0
0.011016000193194486,-1.574932336807251,-0.00039000739343464375,0.0006142352555141284,0
0.011050000193790765,-1.5775017738342285,-0.00039000739343464375,0.0006152373549516144,0
0.011084000194387045,-1.5788720846176147,-0.00039046528399921954,0.0006164947369186567,0
0.011118000194983324,-1.5809274911880493,-0.00039054162334650755,0.0006174179888017023,0
0.011152000195579603,-1.5834969282150269,-0.00039069424383342266,0.0006186631349815175,0
0.011186000196175883,-1.585723638534546,-0.0003911521635018289,0.0006202592319287797,0
0.011220000196772162,-1.5879504680633545,-0.0003909995430149138,0.0006208879073430901,0
0.011254000197368441,-1.5898345708847046,-0.0003914574335794896,0.0006223525609344756,0
0.01128800019796472,-1.5913761854171753,-0.00039161008317023516,0.0006231989603263516,0
0.011322000198561,-1.5939455032348633,-0.00039176270365715027,0.000624448399829447,0
0.011356000199157279,-1.595829725265503,-0.00039191535324789584,0.0006254301705009221,0
0.011390000199753558,-1.5980565547943115,-0.00039214431308209896,0.0006266687899461609,0
0.011424000200349838,-1.600111961364746,-0.0003925258934032172,0.0006280853771798711,0
0.011458000200946117,-1.6021674871444702,-0.00039260220364667475,0.0006290144860639744,0
0.011492000201542396,-1.6038804054260254,-0.0003929838421754539,0.0006302990841142442,0
0.011526000202138675,-1.6061071157455444,-0.000393136462662369,0.0006314192701410634,0
0.011560000202734955,-1.6081626415252686,-0.0003932890831492841,0.0006324728108404037,0
0.011594000203331234,-1.6103893518447876,-0.0003932890831492841,0.0006333485517004064,0
0.011628000203927513,-1.6122735738754272,-0.0003935943532269448,0.0006345817745343936,0
0.011662000204523792,-1.614157795906067,-0.00039374700281769037,0.000635569794212823,0
0.011696000205120072,-1.616041898727417,-0.0003939759626518935,0.0006366816627369279,0
0.011730000205716351,-1.6177548170089722,-0.0003940523019991815,0.0006374800097126501,0
0.01176400020631263,-1.6201529502868652,-0.00039435754297301173,0.0006389195367156042,0
0.01179800020690891,-1.6222083568572998,-0.00039458650280721486,0.0006401015223569603,0
0.011832000207505189,-1.6240925788879395,-0.0003946628130506724,0.0006409689458386353,0
0.011866000208101468,-1.625976800918579,-0.00039496811223216355,0.0006422089875921036,0
0.011900000208697747,-1.6282035112380981,-0.0003950444224756211,0.0006432127157698329,0
0.011934000209294027,-1.6300877332687378,-0.00039527338230982423,0.0006443302917908886,0
0.011968000209890306,-1.6316293478012085,-0.00039527338230982423,0.0006449396509813562,0
0.012002000210486585,-1.6338560581207275,-0.0003958076413255185,0.0006466927126301744,0
0.012036000211082865,-1.6357402801513672,-0.0003957312728744,0.0006473135831562282,0
0.012070000211679144,-1.6377958059310913,-0.0003962655318900943,0.0006490020261646495,0
0.012104000212275423,-1.6398512125015259,-0.00039634184213355184,0.0006499416503877933,0
0.012138000212871702,-1.6417354345321655,-0.00039649446262046695,0.0006509390088798098,0
0.012172000213467982,-1.6434483528137207,-0.00039672342245467007,0.0006519944551557494,0
0.012206000214064261,-1.6458463668823242,-0.0003967997618019581,0.0006530714463415244,0
0.01224000021466054,-1.6477305889129639,-0.00039695241139270365,0.0006540706305945207,0
0.01227400021525682,-1.6492722034454346,-0.00039725768147036433,0.0006551860516542524,0
0.012308000215853099,-1.6513277292251587,-0.00039756292244419456,0.0006565066779438897,0
0.012342000216449378,-1.6530405282974243,-0.00039763926179148257,0.0006573138153835902,0
0.012376000217045657,-1.654924750328064,-0.0003978682216256857,0.0006584419673373587,0
0.012410000217641937,-1.6576653718948364,-0.0003979445609729737,0.0006596589186587919,0
0.012478000218834495,-1.6610912084579468,-0.00039847876178100705,0.0006619095679516393,0
0.012512000219430774,-1.6626328229904175,-0.0003987077216152102,0.0006629045447371744,0
0.012546000220027054,-1.6643457412719727,-0.0003987840609624982,0.0006637145535500766,0
0.012580000220623333,-1.6662298440933228,-0.00039908933104015887,0.0006649745538383524,0
0.012614000221219612,-1.6684566736221313,-0.0003991656412836164,0.0006659905780803076,0
0.012648000221815892,-1.669998288154602,-0.00039939460111781955,0.0006669883001649488,0
0.01268200022241217,-1.6718825101852417,-0.0003996235318481922,0.0006681235935554475,0
0.01271600022300845,-1.6737666130065918,-0.0003998525207862258,0.000669259799418509,0
0.01275000022360473,-1.6759934425354004,-0.0003996999002993107,0.000669894411883698,0
0.012784000224201009,-1.6771924495697021,-0.0004001577908638865,0.0006711416254734023,0
0.012818000224797288,-1.6792479753494263,-0.0004000814806204289,0.000671836016306656,0
0.012852000225393567,-1.6814746856689453,-0.0004005393711850047,0.0006734968132613428,0
0.012886000225989847,-1.683016300201416,-0.0004007683601230383,0.0006744996826920646,0
0.012920000226586126,-1.6845579147338867,-0.00040084467036649585,0.0006752460620447764,0
0.012954000227182405,-1.6869559288024902,-0.00040099729085341096,0.0006764647572388982,0
0.012988000227778684,-1.6890114545822144,-0.00040145518141798675,0.0006780623999163606,0
0.013022000228374964,-1.6903817653656006,-0.00040145518141798675,0.0006786125182805039,0
0.013056000228971243,-1.6922659873962402,-0.00040153152076527476,0.0006794981354585616,0
0.013090000229567522,-1.693807601928711,-0.0004017604805994779,0.000680504956193928,0
0.013124000230163801,-1.6958630084991455,-0.000401989440433681,0.0006817190218387503,0
0.01315800023076008,-1.6979185342788696,-0.00040221840026788414,0.0006829340766428375,0
0.01319200023135636,-1.6994601488113403,-0.0004024473309982568,0.0006839432010270242,0
0.01322600023195264,-1.7015156745910645,-0.0004024473309982568,0.0006847704418908723,0
0.013260000232548919,-1.7028859853744507,-0.0004028289404232055,0.0006859717571499162,0
0.013294000233145198,-1.7049413919448853,-0.0004029052797704935,0.0006869298885138486,0
0.013328000233741477,-1.706483006477356,-0.0004029052797704935,0.000687551013148352,0
0.013362000234337756,-1.70853853225708,-0.00040321052074432373,0.0006889007113031198,0
0.013396000234934036,-1.7100801467895508,-0.0004035921301692724,0.0006901748892029769,0
0.013430000235530315,-1.711793065071106,-0.0004035157908219844,0.0006907355323757559,0
0.013464000236126594,-1.714019775390625,-0.00040382109000347555,0.0006921573339857545,0
0.013498000236722874,-1.7153900861740112,-0.0004039737395942211,0.0006929725479745685,0
0.013532000237319153,-1.7174456119537354,-0.00040405004983767867,0.0006939339851034093,0
0.013566000237915432,-1.7191585302352905,-0.00040450794040225446,0.0006954132762904443,0
0.013600000238511711,-1.7208713293075562,-0.0004046606190968305,0.0006963688575035813,0
0.01363400023910799,-1.7225842475891113,-0.00040473692934028804,0.0006971934588991674,0
0.01366800023970427,-1.724468469619751,-0.0004049658600706607,0.0006983508569642985,0
0.01370200024030055,-1.7260100841522217,-0.0004051185096614063,0.0006992386329523065,0
0.013736000240896828,-1.7278943061828613,-0.0004053474694956094,0.0007003975845670946,0
0.013770000241493108,-1.729435920715332,-0.00040542377973906696,0.0007011544477929232,0
0.013804000242089387,-1.7313200235366821,-0.00040557640022598207,0.0007021825427851701,0
0.013838000242685666,-1.7326903343200684,-0.0004060343198943883,0.0007035317414832293,0
0.013872000243281946,-1.734574556350708,-0.00040611065924167633,0.0007044292165834243,0
0.013906000243878225,-1.7361161708831787,-0.00040626327972859144,0.0007053202495728439,0
0.013940000244474504,-1.7380003929138184,-0.000406415929319337,0.0007063510448434424,0
0.013974000245070783,-1.739542007446289,-0.00040664488915354013,0.0007073758667959229,0
0.014008000245667063,-1.7409123182296753,-0.0004067975387442857,0.0007081988462254406,0
0.014042000246263342,-1.7433103322982788,-0.0004069501592312008,0.0007094404173181822,0
0.014076000246859621,-1.745023250579834,-0.00040702646947465837,0.0007102706528347019,0
0.0141100002474559,-1.7465648651123047,-0.0004072554293088615,0.0007112980239570854,0
0.01414400024805218,-1.7484490871429443,-0.0004076370387338102,0.0007127326082597835,0
0.014178000248648459,-1.749990701675415,-0.00040771334897726774,0.0007134945696591621,0
0.014212000249244738,-1.7518748044967651,-0.0004077896592207253,0.0007143964295231106,0
0.014246000249841018,-1.7532451152801514,-0.000408094929298386,0.0007154904413629939,0
0.014280000250437297,-1.7546155452728271,-0.00040824757888913155,0.0007163175482388651,0
0.014314000251033576,-1.7571848630905151,-0.0004083238891325891,0.0007175005572220353,0
0.014382000252226135,-1.7597541809082031,-0.00040878180880099535,0.0007193554971167693,0
0.014416000252822414,-1.7619810104370117,-0.0004088581190444529,0.0007204002417193212,0
0.014450000253418693,-1.7635226249694824,-0.0004092397284694016,0.0007217035201921573,0
0.014484000254014973,-1.7648929357528687,-0.0004092397284694016,0.000722264305805069,0
0.014518000254611252,-1.7666057348251343,-0.0004093923489563167,0.0007232348714597617,0
0.014552000255207531,-1.76797616481781,-0.00040946865919977427,0.0007239308297051078,0
0.01458600025580381,-1.7696889638900757,-0.00040946865919977427,0.000724632167244707,0
0.01462000025640009,-1.7714018821716309,-0.00040969764813780785,0.0007257391850326034,0
0.014654000256996369,-1.7729434967041016,-0.0004100792284589261,0.0007270473012296885,0
0.014688000257592648,-1.7744851112365723,-0.0004100792284589261,0.0007276794853277452,0
0.014722000258188928,-1.7761980295181274,-0.00041038449853658676,0.0007289241376454703,0
0.014756000258785207,-1.7782535552978516,-0.0004105371190235019,0.0007300390914852795,0
0.014790000259381486,-1.7796238660812378,-0.0004106897977180779,0.0007308733655751673,0
0.014824000259977765,-1.7811654806137085,-0.00041107137803919613,0.0007321861486317242,0
0.014858000260574045,-1.7828782796859741,-0.00041091872844845057,0.0007326180756669215,0
0.014892000261170324,-1.7844198942184448,-0.00041122399852611125,0.0007337962839500493,0
0.014926000261766603,-1.7859615087509155,-0.00041145295836031437,0.0007348391462932147,0
0.014960000262362882,-1.7876744270324707,-0.0004116819181945175,0.0007359532372280125,0
0.014994000262959162,-1.7888734340667725,-0.0004117582575418055,0.0007365834081741601,0
0.015028000263555441,-1.7909289598464966,-0.00041183456778526306,0.0007375664541124927,0
0.01506200026415172,-1.7922992706298828,-0.0004122161481063813,0.000738814701592927,0
0.015096000264748,-1.793669581413269,-0.00041213983786292374,0.000739242690463323,0
0.015130000265344279,-1.7953824996948242,-0.000412521418184042,0.0007406337349569192,0
0.015164000265940558,-1.7970954179763794,-0.00041275040712207556,0.0007417518654069671,0
0.015198000266536837,-1.7988083362579346,-0.00041290302760899067,0.0007427334081291925,0
0.015232000267133117,-1.8005211353302002,-0.0004129793378524482,0.0007435780262580044,0
0.015266000267729396,-1.801548957824707,-0.0004130556480959058,0.000744139972350788,0
0.015300000268325675,-1.8032618761062622,-0.000413437228417024,0.000745535592167456,0
0.015334000268921955,-1.8049746751785278,-0.0004136662173550576,0.0007466570463027754,0
0.015368000269518234,-1.8065162897109985,-0.00041374252759851515,0.00074743261585292,0
0.015402000270114513,-1.8075441122055054,-0.00041381886694580317,0.0007479958564674399,0
0.015436000270710792,-1.8097708225250244,-0.00041404779767617583,0.0007493316233650876,0
0.015470000271307072,-1.8111411333084106,-0.0004141241079196334,0.0007500372061478994,0
0.015504000271903351,-1.8123401403427124,-0.00041427675751037896,0.000750810396847084,0
0.01553800027249963,-1.8140530586242676,-0.0004143530677538365,0.0007516584499091955,0
0.01557200027309591,-1.8155946731567383,-0.0004145820566918701,0.0007527129737161242,0
0.015606000273692189,-1.8169649839401245,-0.0004147346771787852,0.0007535583860595642,0
0.015640000274288468,-1.8183352947235107,-0.0004148873267695308,0.0007544042695985242,0
0.015674000274884747,-1.820048213005066,-0.000415192567743361,0.000755670490974289,0
0.015708000275481027,-1.821761131286621,-0.0004154215275775641,0.0007567987920405195,0
0.015742000276077306,-1.8233027458190918,-0.00041557420627214015,0.0007577175913875828,0
0.015776000276673585,-1.824673056602478,-0.000415268907090649,0.000757729986013065,0
0.015810000277269864,-1.8260433673858643,-0.0004158031370025128,0.0007592745604616744,0
0.015844000277866144,-1.8277562856674194,-0.0004161084070801735,0.0007605447565598444,0
0.015878000278462423,-1.8289552927017212,-0.00041603209683671594,0.0007609041054433066,0
0.015912000279058702,-1.8306682109832764,-0.00041618471732363105,0.0007618961319014322,0
0.01594600027965498,-1.8323811292648315,-0.00041656632674857974,0.0007633082762212653,0
0.01598000028025126,-1.8337514400482178,-0.00041664266609586775,0.0007640190889388263,0
0.01601400028084754,-1.8352930545806885,-0.0004168715968262404,0.00076508154630716,0
0.01604800028144382,-1.8363207578659058,-0.000416947907069698,0.000765650096700831,0
0.0160820002820401,-1.8382049798965454,-0.0004171768669039011,0.0007668565942403893,0
0.016116000282636378,-1.8394039869308472,-0.0004174058267381042,0.0007677779418702353,0
0.016150000283232657,-1.8409456014633179,-0.0004174821369815618,0.0007685619037657125,0
0.016184000283828937,-1.8421446084976196,-0.0004175584763288498,0.0007692030959016716,0
0.016218000284425216,-1.8440288305282593,-0.0004177874361630529,0.0007704120773171542,0
0.016252000285021495,-1.8453991413116455,-0.0004180163668934256,0.0007714070445193413,0
0.016286000285617774,-1.8469407558441162,-0.0004180927062407136,0.0007721924588771356,0
0.016320000286214054,-1.848482370376587,-0.0004182453267276287,0.0007731191129484172,0
0.016354000286810333,-1.8500239849090576,-0.00041832163697108626,0.0007739050618029292,0
0.016388000287406612,-1.8512229919433594,-0.00041855062590911984,0.0007748305419752466,0
0.01642200028800289,-1.85276460647583,-0.00041870324639603496,0.0007757585555391022,0
0.01645600028859917,-1.8539636135101318,-0.0004189322062302381,0.000776685066878384,0
0.01649000028919545,-1.855676531791687,-0.0004190848267171532,0.000777685877769007,0
0.01652400028979173,-1.8570468425750732,-0.0004190848267171532,0.000778260154226211,0
0.01655800029038801,-1.8587597608566284,-0.00041939009679481387,0.0007795454360239665,0
0.016626000291580567,-1.8616716861724854,-0.00041977170621976256,0.0007814771001256465,0
0.016660000292176846,-1.862870693206787,-0.00041961908573284745,0.0007816960971219478,0
0.016694000292773126,-1.8640697002410889,-0.0004200006660539657,0.0007829105156722735,0
0.016728000293369405,-1.865782618522644,-0.0004201532865408808,0.0007839146991431394,0
0.016762000293965684,-1.8669816255569458,-0.00042030593613162637,0.0007847034598702576,0
0.016796000294561964,-1.868351936340332,-0.0004204585566185415,0.0007855645584091131,0
0.016830000295158243,-1.8698935508728027,-0.0004206112353131175,0.0007864982363366413,0
0.016864000295754522,-1.871092677116394,-0.0004206112353131175,0.0007870026023072546,0
0.0168980002963508,-1.8728054761886597,-0.0004209165053907782,0.0007882947363140429,0
0.01693200029694708,-1.874004602432251,-0.00042114543612115085,0.0007892284855843743,0
0.01696600029754336,-1.8755462169647217,-0.0004210691258776933,0.0007897346061205499,0
0.01700000029813964,-1.8772590160369873,-0.0004212980857118964,0.000790885629841781,0
0.01703400029873592,-1.8782868385314941,-0.00042152704554609954,0.0007917487017343044,0
0.017068000299332198,-1.8799997568130493,-0.0004216796951368451,0.0007927577243102696,0
0.017102000299928477,-1.8810274600982666,-0.0004219086258672178,0.0007936217109085625,0
0.017136000300524756,-1.8825690746307373,-0.0004219849652145058,0.000794415845471956,0
0.017170000301121036,-1.883768081665039,-0.00042221389594487846,0.0007953530608164061,0
0.017204000301717315,-1.8853096961975098,-0.00042229023529216647,0.0007961478752058493,0
0.017238000302313594,-1.886680006980896,-0.00042236654553562403,0.0007968705170796481,0
0.017272000302909873,-1.8883929252624512,-0.00042267184471711516,0.0007981705212714296,0
0.017340000304102432,-1.8906196355819702,-0.0004230534250382334,0.0007998331122774892,0
0.01737400030469871,-1.8923325538635254,-0.0004229770856909454,0.0008004133087912979,0
0.01740800030529499,-1.8933603763580322,-0.00042312973528169096,0.0008011370748412169,0
0.01744200030589127,-1.894559383392334,-0.0004232060455251485,0.0008017889846580334,0
0.01747600030648755,-1.8959296941757202,-0.00042351134470663965,0.0008029477342496073,0
0.01751000030708383,-1.8973000049591064,-0.0004235876549500972,0.0008036728598374357,0
0.017544000307680108,-1.8986703157424927,-0.00042396923527121544,0.0008049778017975018,0
0.017578000308276387,-1.8998693227767944,-0.0004238929250277579,0.0008053411644023609,0
0.017612000308872666,-1.9015822410583496,-0.0004243508155923337,0.0008069379749090083,0
0.017646000309468945,-1.9029525518417358,-0.0004243508155923337,0.0008075194674075532,0
0.017680000310065225,-1.9041515588760376,-0.0004243508155923337,0.0008080282670204601,0
0.017714000310661504,-1.9056931734085083,-0.0004245034942869097,0.0008089734111506215,0
0.017782000311854063,-1.9077486991882324,-0.00042488507460802794,0.0008105739483879604,0
0.017816000312450342,-1.9094616174697876,-0.0004249613848514855,0.0008114474532807184,0
0.0178840003136429,-1.9118596315383911,-0.0004253429651726037,0.0008131960446723409,0
0.01791800031423918,-1.9134012460708618,-0.00042541930451989174,0.0008139978273709603,0
0.01795200031483546,-1.9146002531051636,-0.0004257245745975524,0.000815092378277562,0
0.01798600031543174,-1.9161418676376343,-0.0004257245745975524,0.0008157486814685914,0
0.018020000316028018,-1.917340874671936,-0.00042595353443175554,0.0008166981222769848,0
0.018054000316624297,-1.9188824892044067,-0.00042595353443175554,0.000817354778435822,0
0.018122000317816855,-1.9211093187332153,-0.0004262588045094162,0.0008188897615351194,0
0.018156000318413135,-1.9224796295166016,-0.0004263351147528738,0.0008196205734600226,0
0.018190000319009414,-1.9240212440490723,-0.00042656410369090736,0.000820718397450057,0
0.018258000320201972,-1.9260766506195068,-0.0004269456840120256,0.0008223301130583366,0
0.018292000320798252,-1.9276182651519775,-0.00042702199425548315,0.0008231353957484921,0
0.01832600032139453,-1.9291598796844482,-0.0004272509540896863,0.0008242353991867249,0
0.01836000032199081,-1.930187702178955,-0.0004272509540896863,0.0008246745373281378,0
0.01839400032258709,-1.9313867092132568,-0.0004274799139238894,0.000825629024208227,0
0.01842800032318337,-1.9324144124984741,-0.0004277851840015501,0.000826658255017907,0
0.018462000323779648,-1.9341273307800293,-0.0004277088737580925,0.000827243422352672,0
0.018496000324375927,-1.9354976415634155,-0.0004280141438357532,0.0008284203659498848,0
0.018530000324972207,-1.9365253448486328,-0.0004280141438357532,0.0008288602374916243,0
0.018564000325568486,-1.9377243518829346,-0.00042809045407921076,0.0008295212976779098,0
0.018598000326164765,-1.9390947818756104,-0.0004283194139134139,0.0008305519404955206,0
0.018666000327357324,-1.9418354034423828,-0.00042847206350415945,0.0008320222222983897,0
0.018734000328549882,-1.943719506263733,-0.00042900629341602325,0.0008338679008226269,0
0.01876800032914616,-1.945432424545288,-0.00042892995406873524,0.0008344542405040387,0
0.01880200032974244,-1.9466314315795898,-0.0004292352241463959,0.0008355627788644848,0
0.018870000330935,-1.9485156536102295,-0.0004294642130844295,0.00083681774186041,0
0.01890400033153128,-1.9500572681427002,-0.00042954052332788706,0.0008376286194773652,0
0.018938000332127558,-1.951256275177002,-0.00042984579340554774,0.0008387393017410122,0
0.018972000332723837,-1.9526265859603882,-0.00042984579340554774,0.000839328324066909,0
0.019040000333916396,-1.9551960229873657,-0.00042999841389246285,0.0008407311887334186,0
0.019074000334512675,-1.956223726272583,-0.00043007475323975086,0.0008413224363584271,0
0.019108000335108954,-1.9574227333068848,-0.00043030368397012353,0.0008422862132288211,0
0.019142000335705234,-1.9586217403411865,-0.0004305326729081571,0.0008432506530851175,0
0.019176000336301513,-1.9596495628356934,-0.0004306852933950722,0.0008439922469214156,0
0.019210000336897792,-1.9608485698699951,-0.0004308379429858178,0.0008448079643494713,0
0.01924400033749407,-1.9622188806533813,-0.00043106687371619046,0.0008458475584301357,0
0.01927800033809035,-1.9635891914367676,-0.0004312958335503936,0.000846887837071264,0
0.01931200033868663,-1.9647881984710693,-0.0004313721728976816,0.0008475549544581865,0
0.01934600033928291,-1.965987205505371,-0.0004314485122449696,0.0008482222549079377,0
0.019414000340475468,-1.9683853387832642,-0.00043175375321879983,0.0008498577578005331,0
0.019448000341071747,-1.9694130420684814,-0.0004319064028095454,0.0008506021026460017,0
0.019482000341668027,-1.9704407453536987,-0.00043213533353991807,0.0008514970687140654,0
0.019516000342264306,-1.9719823598861694,-0.0004320590232964605,0.0008520127723702677,0
0.019584000343456864,-1.9740378856658936,-0.00043228798313066363,0.0008533528562180287,0
0.019652000344649423,-1.9766072034835815,-0.0004327459027990699,0.0008553686687506473,0
0.019686000345245702,-1.9776349067687988,-0.0004325169720686972,0.0008553606617330012,0
0.01975400034643826,-1.9798617362976074,-0.000432974862633273,0.00085723036330633,0
0.01978800034703454,-1.9812320470809937,-0.0004332801327109337,0.0008584284842904077,0
0.01982200034763082,-1.9826023578643799,-0.0004331274831201881,0.0008587195692899494,0
0.019890000348823378,-1.9841439723968506,-0.0004335090925451368,0.0008601444529526617,0
0.019924000349419657,-1.9853429794311523,-0.0004335854318924248,0.0008608157931912497,0
0.019958000350015936,-1.986884593963623,-0.0004336617421358824,0.0008616358344412101,0
0.019992000350612216,-1.9879122972488403,-0.0004340433224570006,0.0008628400582510153,0
0.020026000351208495,-1.9892827272415161,-0.00043411963270045817,0.0008635866868874527,0
0.020060000351804774,-1.9904817342758179,-0.00043427228229120374,0.0008644110456029128,0
0.020094000352401054,-1.9915094375610352,-0.0004344249318819493,0.0008651613517547119,0
0.020128000352997333,-1.992708444595337,-0.00043427228229120374,0.0008653780441753717,0
0.020162000353593612,-1.9939074516296387,-0.00043450124212540686,0.0008663552644161826,0
0.02023000035478617,-1.9959629774093628,-0.00043480651220306754,0.0008678577006938151,0
0.02029800035597873,-1.9981896877288818,-0.00043495913268998265,0.0008691308535246217,0
0.02033200035657501,-1.9992175102233887,-0.00043541708146221936,0.0008704934535096326,0
0.020366000357171288,-2.0004165172576904,-0.0004354933917056769,0.0008711681739246094,0
